[
    {
        "geometry": {
            "location": {
                "lat": 37.7557557,
                "lng": -122.4208508
            },
            "viewport": {
                "northeast": {
                    "lat": 37.7571005802915,
                    "lng": -122.4195916697085
                },
                "southwest": {
                    "lat": 37.75440261970851,
                    "lng": -122.4222896302915
                }
            }
        },
        "name": "Valencia Cyclery",
        "rating": 4.2,
        "vicinity": "1077 Valencia Street, San Francisco"
    },
    {
        "geometry": {
            "location": {
                "lat": 37.80764569999999,
                "lng": -122.4195251
            },
            "viewport": {
                "northeast": {
                    "lat": 37.8090395802915,
                    "lng": -122.4181850697085
                },
                "southwest": {
                    "lat": 37.8063416197085,
                    "lng": -122.4208830302915
                }
            }
        },
        "name": "San Francisco Bicycle Rentals",
        "rating": 4.5,
        "vicinity": "425 Jefferson Street, San Francisco"
    },
    {
        "geometry": {
            "location": {
                "lat": 37.7757292,
                "lng": -122.4119508
            },
            "viewport": {
                "northeast": {
                    "lat": 37.7771379302915,
                    "lng": -122.4106816697085
                },
                "southwest": {
                    "lat": 37.7744399697085,
                    "lng": -122.4133796302915
                }
            }
        },
        "name": "Mike's Bikes of San Francisco",
        "rating": 4,
        "vicinity": "1233 Howard Street, San Francisco"
    },
    {
        "geometry": {
            "location": {
                "lat": 37.8060487,
                "lng": -122.4206076
            },
            "viewport": {
                "northeast": {
                    "lat": 37.8074053802915,
                    "lng": -122.4191828197085
                },
                "southwest": {
                    "lat": 37.80470741970851,
                    "lng": -122.4218807802915
                }
            }
        },
        "name": "Blazing Saddles Bike Rentals & Tours",
        "rating": 4.1,
        "vicinity": "2715 Hyde Street, San Francisco"
    },
    {
        "geometry": {
            "location": {
                "lat": 37.7809098,
                "lng": -122.4117142
            },
            "viewport": {
                "northeast": {
                    "lat": 37.7823185302915,
                    "lng": -122.4104349697085
                },
                "southwest": {
                    "lat": 37.7796205697085,
                    "lng": -122.4131329302915
                }
            }
        },
        "name": "Huckleberry Bicycles",
        "rating": 4.7,
        "vicinity": "Huckleberry Bicycles, 1073 Market Street, San Francisco"
    },
    {
        "geometry": {
            "location": {
                "lat": 37.7665228,
                "lng": -122.4532875
            },
            "viewport": {
                "northeast": {
                    "lat": 37.7678018302915,
                    "lng": -122.4518091697085
                },
                "southwest": {
                    "lat": 37.7651038697085,
                    "lng": -122.4545071302915
                }
            }
        },
        "name": "American Cyclery",
        "rating": 4.5,
        "vicinity": "510 Frederick Street, San Francisco"
    },
    {
        "geometry": {
            "location": {
                "lat": 37.7390085,
                "lng": -122.4172602
            },
            "viewport": {
                "northeast": {
                    "lat": 37.7404190302915,
                    "lng": -122.4159020697085
                },
                "southwest": {
                    "lat": 37.7377210697085,
                    "lng": -122.4186000302915
                }
            }
        },
        "name": "The New Wheel Electric Bikes",
        "rating": 4.8,
        "vicinity": "420 Cortland Avenue, San Francisco"
    },
    {
        "geometry": {
            "location": {
                "lat": 37.7681295,
                "lng": -122.4240983
            },
            "viewport": {
                "northeast": {
                    "lat": 37.7694318302915,
                    "lng": -122.4227560197085
                },
                "southwest": {
                    "lat": 37.7667338697085,
                    "lng": -122.4254539802915
                }
            }
        },
        "name": "Box Dog Bikes",
        "rating": 4.4,
        "vicinity": "494 14th Street, San Francisco"
    },
    {
        "geometry": {
            "location": {
                "lat": 37.7609808,
                "lng": -122.4115807
            },
            "viewport": {
                "northeast": {
                    "lat": 37.7623453302915,
                    "lng": -122.4099669197085
                },
                "southwest": {
                    "lat": 37.7596473697085,
                    "lng": -122.4126648802915
                }
            }
        },
        "name": "The Bike Kitchen",
        "rating": 4.8,
        "vicinity": "650H Florida Street, San Francisco"
    },
    {
        "geometry": {
            "location": {
                "lat": 37.76308280000001,
                "lng": -122.4855866
            },
            "viewport": {
                "northeast": {
                    "lat": 37.7644915302915,
                    "lng": -122.4842422197085
                },
                "southwest": {
                    "lat": 37.7617935697085,
                    "lng": -122.4869401802915
                }
            }
        },
        "name": "Nomad Cyclery",
        "rating": 4.2,
        "vicinity": "2555 Irving Street, San Francisco"
    },
    {
        "geometry": {
            "location": {
                "lat": 37.76801260000001,
                "lng": -122.453139
            },
            "viewport": {
                "northeast": {
                    "lat": 37.7693494302915,
                    "lng": -122.4518814697085
                },
                "southwest": {
                    "lat": 37.7666514697085,
                    "lng": -122.4545794302915
                }
            }
        },
        "name": "Avenue Cyclery",
        "rating": 4.8,
        "vicinity": "756 Stanyan Street, San Francisco"
    },
    {
        "geometry": {
            "location": {
                "lat": 37.77704,
                "lng": -122.407791
            },
            "viewport": {
                "northeast": {
                    "lat": 37.7783157302915,
                    "lng": -122.4063946197085
                },
                "southwest": {
                    "lat": 37.7756177697085,
                    "lng": -122.4090925802915
                }
            }
        },
        "name": "Bike Connection",
        "rating": 4.7,
        "vicinity": "1090 Folsom Street, San Francisco"
    },
    {
        "geometry": {
            "location": {
                "lat": 37.7966337,
                "lng": -122.4233637
            },
            "viewport": {
                "northeast": {
                    "lat": 37.7979723302915,
                    "lng": -122.4220973697085
                },
                "southwest": {
                    "lat": 37.7952743697085,
                    "lng": -122.4247953302915
                }
            }
        },
        "name": "Big Swingin' Cycles",
        "rating": 4.7,
        "vicinity": "2260 Van Ness Avenue, San Francisco"
    },
    {
        "geometry": {
            "location": {
                "lat": 37.7254104,
                "lng": -122.463086
            },
            "viewport": {
                "northeast": {
                    "lat": 37.7268339302915,
                    "lng": -122.4616915697085
                },
                "southwest": {
                    "lat": 37.7241359697085,
                    "lng": -122.4643895302915
                }
            }
        },
        "name": "Ocean Cyclery",
        "rating": 4.2,
        "vicinity": "1935 Ocean Avenue, San Francisco"
    },
    {
        "geometry": {
            "location": {
                "lat": 37.8000584,
                "lng": -122.43339
            },
            "viewport": {
                "northeast": {
                    "lat": 37.8014504302915,
                    "lng": -122.4320496697085
                },
                "southwest": {
                    "lat": 37.7987524697085,
                    "lng": -122.4347476302915
                }
            }
        },
        "name": "New Holiday Adventure Sale",
        "rating": 4.7,
        "vicinity": "1937 Lombard Street, San Francisco"
    },
    {
        "geometry": {
            "location": {
                "lat": 37.8021495,
                "lng": -122.4130941
            },
            "viewport": {
                "northeast": {
                    "lat": 37.8035485802915,
                    "lng": -122.4117581197085
                },
                "southwest": {
                    "lat": 37.80085061970851,
                    "lng": -122.4144560802915
                }
            }
        },
        "name": "Columbus Cyclery Go Bike It",
        "rating": 4.3,
        "vicinity": "2011 Mason Street, San Francisco"
    },
    {
        "geometry": {
            "location": {
                "lat": 37.7888323,
                "lng": -122.4185479
            },
            "viewport": {
                "northeast": {
                    "lat": 37.7902431802915,
                    "lng": -122.4171441697085
                },
                "southwest": {
                    "lat": 37.7875452197085,
                    "lng": -122.4198421302915
                }
            }
        },
        "name": "3D Bike Fit",
        "rating": 4.8,
        "vicinity": "1299 Bush Street suite c, San Francisco"
    },
    {
        "geometry": {
            "location": {
                "lat": 37.7745003,
                "lng": -122.4205554
            },
            "viewport": {
                "northeast": {
                    "lat": 37.7757722302915,
                    "lng": -122.4191858697085
                },
                "southwest": {
                    "lat": 37.7730742697085,
                    "lng": -122.4218838302915
                }
            }
        },
        "name": "Market Street Cycles",
        "rating": 4.7,
        "vicinity": "1592 Market Street, San Francisco"
    },
    {
        "geometry": {
            "location": {
                "lat": 37.773885,
                "lng": -122.448161
            },
            "viewport": {
                "northeast": {
                    "lat": 37.77514018029149,
                    "lng": -122.4468136697085
                },
                "southwest": {
                    "lat": 37.77244221970849,
                    "lng": -122.4495116302915
                }
            }
        },
        "name": "Freewheel Bike Shop",
        "rating": 4.4,
        "vicinity": "1920 Hayes Street #1126, San Francisco"
    },
    {
        "geometry": {
            "location": {
                "lat": 37.7898751,
                "lng": -122.439792
            },
            "viewport": {
                "northeast": {
                    "lat": 37.7912912802915,
                    "lng": -122.4384582697085
                },
                "southwest": {
                    "lat": 37.7885933197085,
                    "lng": -122.4411562302915
                }
            }
        },
        "name": "Bespoke Cycles",
        "rating": 4.1,
        "vicinity": "2843 Clay Street, San Francisco"
    },
    {
        "geometry": {
            "location": {
                "lat": 37.781654,
                "lng": -122.387684
            },
            "viewport": {
                "northeast": {
                    "lat": 37.7829885302915,
                    "lng": -122.3863184697085
                },
                "southwest": {
                    "lat": 37.78029056970851,
                    "lng": -122.3890164302915
                }
            }
        },
        "name": "The Bike Hut",
        "rating": 4.8,
        "vicinity": "40 Pier Suite #15, San Francisco"
    },
    {
        "geometry": {
            "location": {
                "lat": 37.7813758,
                "lng": -122.4118395
            },
            "viewport": {
                "northeast": {
                    "lat": 37.78263918029149,
                    "lng": -122.4104188197085
                },
                "southwest": {
                    "lat": 37.77994121970849,
                    "lng": -122.4131167802915
                }
            }
        },
        "name": "Warm Planet Bikes",
        "rating": 4.6,
        "vicinity": "1098A Market Street, San Francisco"
    },
    {
        "geometry": {
            "location": {
                "lat": 37.76902860000001,
                "lng": -122.4516932
            },
            "viewport": {
                "northeast": {
                    "lat": 37.7703448802915,
                    "lng": -122.4504006197085
                },
                "southwest": {
                    "lat": 37.7676469197085,
                    "lng": -122.4530985802915
                }
            }
        },
        "name": "Bay City Bike Rentals and Tours",
        "rating": 2.8,
        "vicinity": "622 Shrader Street, San Francisco"
    },
    {
        "geometry": {
            "location": {
                "lat": 37.7626507,
                "lng": -122.500898
            },
            "viewport": {
                "northeast": {
                    "lat": 37.7639357302915,
                    "lng": -122.4995425697085
                },
                "southwest": {
                    "lat": 37.76123776970851,
                    "lng": -122.5022405302915
                }
            }
        },
        "name": "Swell Bicycles",
        "rating": 4.7,
        "vicinity": "4002 Irving Street, San Francisco"
    },
    {
        "geometry": {
            "location": {
                "lat": 37.7821259,
                "lng": -122.4796947
            },
            "viewport": {
                "northeast": {
                    "lat": 37.7835457802915,
                    "lng": -122.4783494197085
                },
                "southwest": {
                    "lat": 37.7808478197085,
                    "lng": -122.4810473802915
                }
            }
        },
        "name": "Spoke Easy SF",
        "rating": 4.8,
        "vicinity": "1901 Clement Street, San Francisco"
    },
    {
        "geometry": {
            "location": {
                "lat": 37.8052292,
                "lng": -122.4687234
            },
            "viewport": {
                "northeast": {
                    "lat": 37.8065365802915,
                    "lng": -122.4673546197085
                },
                "southwest": {
                    "lat": 37.8038386197085,
                    "lng": -122.4700525802915
                }
            }
        },
        "name": "Roaring Mouse Cycles",
        "rating": 4.8,
        "vicinity": "934 Mason Street, San Francisco"
    },
    {
        "geometry": {
            "location": {
                "lat": 37.7970276,
                "lng": -122.4374123
            },
            "viewport": {
                "northeast": {
                    "lat": 37.7983872802915,
                    "lng": -122.4359504197085
                },
                "southwest": {
                    "lat": 37.7956893197085,
                    "lng": -122.4386483802915
                }
            }
        },
        "name": "Trek Bicycle San Francisco Cow Hollow",
        "rating": 4.9,
        "vicinity": "3001 Steiner Street, San Francisco"
    },
    {
        "geometry": {
            "location": {
                "lat": 37.7847701,
                "lng": -122.4149833
            },
            "viewport": {
                "northeast": {
                    "lat": 37.78603663029151,
                    "lng": -122.4136177697085
                },
                "southwest": {
                    "lat": 37.78333866970851,
                    "lng": -122.4163157302915
                }
            }
        },
        "name": "San Francisco Yellow Bike Project",
        "rating": 4.9,
        "vicinity": "530 Ellis Street, San Francisco"
    },
    {
        "geometry": {
            "location": {
                "lat": 37.767451,
                "lng": -122.406328
            },
            "viewport": {
                "northeast": {
                    "lat": 37.7686652302915,
                    "lng": -122.4048721697085
                },
                "southwest": {
                    "lat": 37.7659672697085,
                    "lng": -122.4075701302915
                }
            }
        },
        "name": "Moox, Inc",
        "vicinity": "550 15th Street M15, San Francisco"
    },
    {
        "geometry": {
            "location": {
                "lat": 37.7854464,
                "lng": -122.4149153
            },
            "viewport": {
                "northeast": {
                    "lat": 37.78685873029149,
                    "lng": -122.4135320197085
                },
                "southwest": {
                    "lat": 37.7841607697085,
                    "lng": -122.4162299802915
                }
            }
        },
        "name": "Golden Gate Rides Bike Rentals & Tours",
        "rating": 4.8,
        "vicinity": "609 O'Farrell Street, San Francisco"
    },
    {
        "geometry": {
            "location": {
                "lat": 37.8038932,
                "lng": -122.4336986
            },
            "viewport": {
                "northeast": {
                    "lat": 37.8053059302915,
                    "lng": -122.4323626197085
                },
                "southwest": {
                    "lat": 37.8026079697085,
                    "lng": -122.4350605802915
                }
            }
        },
        "name": "P-Fits/Fitted By Pedro",
        "rating": 5,
        "vicinity": "1601 North Point Street, San Francisco"
    },
    {
        "geometry": {
            "location": {
                "lat": 37.8069867,
                "lng": -122.4159246
            },
            "viewport": {
                "northeast": {
                    "lat": 37.80835658029149,
                    "lng": -122.4144072197085
                },
                "southwest": {
                    "lat": 37.8056586197085,
                    "lng": -122.4171051802915
                }
            }
        },
        "name": "aluguel de Bikes",
        "vicinity": "2662 Taylor Street, San Francisco"
    },
    {
        "geometry": {
            "location": {
                "lat": 37.759221,
                "lng": -122.3882565
            },
            "viewport": {
                "northeast": {
                    "lat": 37.7608753302915,
                    "lng": -122.3869928697085
                },
                "southwest": {
                    "lat": 37.7581773697085,
                    "lng": -122.3896908302915
                }
            }
        },
        "name": "Velocipede Cyclery",
        "rating": 4.8,
        "vicinity": "2405 3rd Street, San Francisco"
    },
    {
        "geometry": {
            "location": {
                "lat": 37.7646051,
                "lng": -122.4311096
            },
            "viewport": {
                "northeast": {
                    "lat": 37.7659605802915,
                    "lng": -122.4296718197085
                },
                "southwest": {
                    "lat": 37.7632626197085,
                    "lng": -122.4323697802915
                }
            }
        },
        "name": "Mash Transit",
        "rating": 4.9,
        "vicinity": "284 Sanchez Street, San Francisco"
    },
    {
        "geometry": {
            "location": {
                "lat": 37.776337,
                "lng": -122.458333
            },
            "viewport": {
                "northeast": {
                    "lat": 37.77768133029149,
                    "lng": -122.4570850197085
                },
                "southwest": {
                    "lat": 37.77498336970849,
                    "lng": -122.4597829802915
                }
            }
        },
        "name": "San Francyclo",
        "rating": 4.4,
        "vicinity": "746 Arguello Boulevard, San Francisco"
    },
    {
        "geometry": {
            "location": {
                "lat": 37.763987,
                "lng": -122.472606
            },
            "viewport": {
                "northeast": {
                    "lat": 37.7652273802915,
                    "lng": -122.4712499697085
                },
                "southwest": {
                    "lat": 37.7625294197085,
                    "lng": -122.4739479302915
                }
            }
        },
        "name": "Everybody Bikes",
        "rating": 4.2,
        "vicinity": "1352 Irving Street, San Francisco"
    },
    {
        "geometry": {
            "location": {
                "lat": 37.7937392,
                "lng": -122.4215543
            },
            "viewport": {
                "northeast": {
                    "lat": 37.79509813029149,
                    "lng": -122.4200974197085
                },
                "southwest": {
                    "lat": 37.79240016970849,
                    "lng": -122.4227953802915
                }
            }
        },
        "name": "High Trails Cyclery & Mountain Bike Adventure Tours",
        "rating": 4.8,
        "vicinity": "1825 Polk Street, San Francisco"
    },
    {
        "geometry": {
            "location": {
                "lat": 37.76718199999999,
                "lng": -122.3986649
            },
            "viewport": {
                "northeast": {
                    "lat": 37.76864218029149,
                    "lng": -122.3973635197085
                },
                "southwest": {
                    "lat": 37.76594421970849,
                    "lng": -122.4000614802915
                }
            }
        },
        "name": "ONYX Motorbikes",
        "rating": 4.1,
        "vicinity": "455 Irwin Street #104, San Francisco"
    },
    {
        "geometry": {
            "location": {
                "lat": 37.671733,
                "lng": -122.472235
            },
            "viewport": {
                "northeast": {
                    "lat": 37.6729374802915,
                    "lng": -122.4708094197085
                },
                "southwest": {
                    "lat": 37.6702395197085,
                    "lng": -122.4735073802915
                }
            }
        },
        "name": "DICK'S Sporting Goods",
        "rating": 3.7,
        "vicinity": "64 Serramonte Center, Daly City"
    },
    {
        "geometry": {
            "location": {
                "lat": 37.8006666,
                "lng": -122.4306629
            },
            "viewport": {
                "northeast": {
                    "lat": 37.8019794802915,
                    "lng": -122.4293067697085
                },
                "southwest": {
                    "lat": 37.7992815197085,
                    "lng": -122.4320047302915
                }
            }
        },
        "name": "Bike & View San Francisco Bike Rentals & Tours",
        "rating": 4,
        "vicinity": "1772 Lombard Street, San Francisco"
    },
    {
        "geometry": {
            "location": {
                "lat": 37.7753428,
                "lng": -122.5024594
            },
            "viewport": {
                "northeast": {
                    "lat": 37.7767649302915,
                    "lng": -122.5011157697085
                },
                "southwest": {
                    "lat": 37.77406696970851,
                    "lng": -122.5038137302915
                }
            }
        },
        "name": "DD Cycles",
        "rating": 4.8,
        "vicinity": "4049 Balboa Street, San Francisco"
    },
    {
        "geometry": {
            "location": {
                "lat": 37.7612408,
                "lng": -122.4906782
            },
            "viewport": {
                "northeast": {
                    "lat": 37.76252048029149,
                    "lng": -122.4893174697085
                },
                "southwest": {
                    "lat": 37.75982251970849,
                    "lng": -122.4920154302915
                }
            }
        },
        "name": "Elevation Bike Co.",
        "rating": 4.9,
        "vicinity": "2648 Judah Street, San Francisco"
    },
    {
        "geometry": {
            "location": {
                "lat": 37.75704030000001,
                "lng": -122.4162458
            },
            "viewport": {
                "northeast": {
                    "lat": 37.75847083029151,
                    "lng": -122.4149042197085
                },
                "southwest": {
                    "lat": 37.75577286970851,
                    "lng": -122.4176021802915
                }
            }
        },
        "name": "Pedal Revolution",
        "rating": 4.3,
        "vicinity": "3085 21st Street, San Francisco"
    },
    {
        "geometry": {
            "location": {
                "lat": 37.782888,
                "lng": -122.418624
            },
            "viewport": {
                "northeast": {
                    "lat": 37.7843781802915,
                    "lng": -122.4173040197085
                },
                "southwest": {
                    "lat": 37.7816802197085,
                    "lng": -122.4200019802915
                }
            }
        },
        "name": "Baygame",
        "rating": 5,
        "vicinity": "665 Eddy Street a, San Francisco"
    },
    {
        "geometry": {
            "location": {
                "lat": 37.7620023,
                "lng": -122.4097674
            },
            "viewport": {
                "northeast": {
                    "lat": 37.7633391302915,
                    "lng": -122.4086160697085
                },
                "southwest": {
                    "lat": 37.7606411697085,
                    "lng": -122.4113140302915
                }
            }
        },
        "name": "Scarab Cycles",
        "vicinity": "1999 Bryant Street, San Francisco"
    },
    {
        "geometry": {
            "location": {
                "lat": 37.7995299,
                "lng": -122.4369355
            },
            "viewport": {
                "northeast": {
                    "lat": 37.8009556802915,
                    "lng": -122.4356269197085
                },
                "southwest": {
                    "lat": 37.7982577197085,
                    "lng": -122.4383248802915
                }
            }
        },
        "name": "Golden Gate Bridge Bike Rentals",
        "rating": 4.6,
        "vicinity": "2157 Lombard Street, San Francisco"
    },
    {
        "geometry": {
            "location": {
                "lat": 37.8052826,
                "lng": -122.4155004
            },
            "viewport": {
                "northeast": {
                    "lat": 37.80664093029151,
                    "lng": -122.4143814697085
                },
                "southwest": {
                    "lat": 37.80394296970851,
                    "lng": -122.4170794302915
                }
            }
        },
        "name": "Fiets ophalen",
        "vicinity": "501 Bay Street, San Francisco"
    },
    {
        "geometry": {
            "location": {
                "lat": 37.7703718,
                "lng": -122.3871247
            },
            "viewport": {
                "northeast": {
                    "lat": 37.7717082302915,
                    "lng": -122.3860882697085
                },
                "southwest": {
                    "lat": 37.7690102697085,
                    "lng": -122.3887862302915
                }
            }
        },
        "name": "Gling Urban Bikes",
        "vicinity": "500 Terry A Francois Boulevard, San Francisco"
    },
    {
        "geometry": {
            "location": {
                "lat": 37.7256997,
                "lng": -122.3841294
            },
            "viewport": {
                "northeast": {
                    "lat": 37.7270678302915,
                    "lng": -122.3828236197085
                },
                "southwest": {
                    "lat": 37.7243698697085,
                    "lng": -122.3855215802915
                }
            }
        },
        "name": "NTP",
        "rating": 5,
        "vicinity": "1699 Hawes Street, San Francisco"
    }
]
